{
  "project_info": {
    "project_number": "451998100756",
    "firebase_url": "https://registrollamadas-master.firebaseio.com",
    "project_id": "registrollamadas-master",
    "storage_bucket": "registrollamadas-master.appspot.com"
  },
  "client": [
    {
      "client_info": {
        "mobilesdk_app_id": "1:451998100756:android:e95d9788821a39e7",
        "android_client_info": {
          "package_name": "com.example.carlos.registro"
        }
      },
      "oauth_client": [
        {
          "client_id": "451998100756-3qs3k6o7pkf0spln0m7b96sbnr8ge9vv.apps.googleusercontent.com",
          "client_type": 1,
          "android_info": {
            "package_name": "com.example.carlos.registro",
            "certificate_hash": "4d2c587be68c7992640812b06af5a8e33a24cba9"
          }
        },
        {
          "client_id": "451998100756-sob3k4mo7g52q43qb0n03q0h9520ltis.apps.googleusercontent.com",
          "client_type": 3
        }
      ],
      "api_key": [
        {
          "current_key": "AIzaSyD5ZFypLQN1G8-IryP8pwQOdvB7jNKlflY"
        }
      ],
      "services": {
        "analytics_service": {
          "status": 1
        },
        "appinvite_service": {
          "status": 2,
          "other_platform_oauth_client": [
            {
              "client_id": "451998100756-sob3k4mo7g52q43qb0n03q0h9520ltis.apps.googleusercontent.com",
              "client_type": 3
            }
          ]
        },
        "ads_service": {
          "status": 2
        }
      }
    }
  ],
  "configuration_version": "1"
}